"Date","SellingPrice","VesselAge","Dwt","Freight"
"2004-01-01",18.5,10,45518,31689
"2004-01-01",5.3,21,54138,31689
"2004-01-01",13.8,22,61615,31689
"2004-01-01",9.8,22,62343,31689
"2004-01-01",11.8,22,63770,31689
"2004-02-01",35,0,55500,39024
"2004-02-01",34.5,1,52500,39024
"2004-02-01",30,5,48913,39024
"2004-02-01",8.8,20,45090,39024
"2004-02-01",13,23,64120,39024
"2004-02-01",10,24,61000,39024
"2004-03-01",35.1,0,50000,39254
"2004-03-01",35,0,55500,39254
"2004-03-01",35,3,50212,39254
"2004-03-01",37,7,56801,39254
"2004-03-01",26.8,8,45674,39254
"2004-03-01",35,8,56801,39254
"2004-03-01",15.5,13,52630,39254
"2004-03-01",15.5,13,52630,39254
"2004-03-01",12,20,45260,39254
"2004-03-01",12,20,45260,39254
"2004-03-01",12.5,22,45575,39254
"2004-03-01",12.5,24,62023,39254
"2004-04-01",33.5,-1,52000,35034
"2004-04-01",41.7,0,55300,35034
"2004-04-01",29.7,7,45782,35034
"2004-04-01",16.8,10,45863,35034
"2004-04-01",15.2,21,47409,35034
"2004-04-01",9.9,23,64071,35034
"2004-05-01",23,9,52370,29831
"2004-05-01",23,13,65000,29831
"2004-05-01",12.5,23,61776,29831
"2004-05-01",8.8,24,62212,29831
"2004-06-01",17,10,45863,21717
"2004-06-01",15,18,51000,21717
"2004-06-01",10,21,61542,21717
"2004-06-01",10,24,58388,21717
"2004-07-01",27,-1,52000,26188
"2004-07-01",30,0,52000,26188
"2004-07-01",28.5,3,50969,26188
"2004-07-01",19,12,46908,26188
"2004-07-01",6.3,27,63987,26188
"2004-08-01",27,-1,52300,27321
"2004-08-01",7.3,27,63987,27321
"2004-09-01",36.3,0,55500,29486
"2004-09-01",36.5,0,56950,29486
"2004-09-01",22.5,10,45262,29486
"2004-09-01",14,15,64982,29486
"2004-09-01",17.6,17,64312,29486
"2004-10-01",33.8,-1,55000,32483
"2004-10-01",36.5,0,55200,32483
"2004-10-01",29.6,5,45690,32483
"2004-11-01",35,-1,48600,34042
"2004-11-01",33.5,2,50992,34042
"2004-11-01",33,3,50209,34042
"2004-11-01",25,7,45269,34042
"2004-11-01",25,8,45300,34042
"2004-11-01",26.5,8,46664,34042
"2004-11-01",22.5,16,52000,34042
"2004-11-01",13.8,20,63671,34042
"2004-11-01",11.5,23,63990,34042
"2004-11-01",11,23,64942,34042
"2004-11-01",8,26,61345,34042
"2004-12-01",33,-1,47000,36736
"2004-12-01",27.9,8,45217,36736
"2004-12-01",23.5,15,64282,36736
"2004-12-01",14.8,21,64166,36736
"2004-12-01",13,22,63560,36736
"2004-12-01",13.7,22,64930,36736
"2005-01-01",40,1,52800,31241
"2005-01-01",40,1,52800,31241
"2005-01-01",34,4,50296,31241
"2005-01-01",34,4,50296,31241
"2005-01-01",34,4,50296,31241
"2005-01-01",34,4,50296,31241
"2005-01-01",28.5,8,45736,31241
"2005-01-01",16,16,52580,31241
"2005-01-01",14.9,20,45116,31241
"2005-01-01",13.4,23,65000,31241
"2005-01-01",12,24,61754,31241
"2005-02-01",43,0,53500,29238
"2005-02-01",41,0,56000,29238
"2005-02-01",32,3,48640,29238
"2005-02-01",38,3,52105,29238
"2005-02-01",38,3,53806,29238
"2005-02-01",32,4,50209,29238
"2005-02-01",32,4,50212,29238
"2005-02-01",29,8,45342,29238
"2005-02-01",30.3,8,46610,29238
"2005-02-01",26,11,45863,29238
"2005-02-01",20.5,18,64201,29238
"2005-02-01",14.8,20,45348,29238
"2005-02-01",13,21,45260,29238
"2005-02-01",13,21,45260,29238
"2005-02-01",15,23,63886,29238
"2005-02-01",11.3,24,61390,29238
"2005-03-01",38.3,-2,47400,32539
"2005-03-01",38.8,2,52200,32539
"2005-03-01",36,3,50206,32539
"2005-03-01",37,3,52240,32539
"2005-03-01",34,4,46509,32539
"2005-03-01",32.9,6,48913,32539
"2005-03-01",28.5,10,45712,32539
"2005-03-01",26,11,45262,32539
"2005-03-01",12.3,21,63000,32539
"2005-03-01",13.5,23,65000,32539
"2005-04-01",37,2,51195,31717
"2005-04-01",32.5,6,45574,31717
"2005-04-01",22.9,18,64377,31717
"2005-04-01",23,18,64638,31717
"2005-04-01",16.2,22,63942,31717
"2005-04-01",16.1,22,64754,31717
"2005-04-01",11.5,24,49000,31717
"2005-05-01",28,8,47240,27016
"2005-05-01",30,9,45513,27016
"2005-05-01",13.4,23,60158,27016
"2005-05-01",7.7,28,63449,27016
"2005-06-01",40,3,53806,24296
"2005-07-01",38,0,53000,18106
"2005-07-01",15.3,21,64873,18106
"2005-08-01",34,-1,53000,16358
"2005-08-01",34,0,52000,16358
"2005-08-01",29.5,3,52000,16358
"2005-08-01",22.5,10,45694,16358
"2005-09-01",35.5,-1,55500,19530
"2005-09-01",42,0,47000,19530
"2005-09-01",33.2,3,52106,19530
"2005-09-01",26,9,45217,19530
"2005-09-01",24.5,9,45693,19530
"2005-10-01",33.3,-1,52000,20895
"2005-10-01",23,10,45700,20895
"2005-10-01",18.6,16,64282,20895
"2005-10-01",8.5,21,45090,20895
"2005-11-01",31,3,50296,19936
"2005-11-01",29.5,4,52817,19936
"2005-11-01",27,8,45400,19936
"2005-11-01",6.9,24,64120,19936
"2005-12-01",32.5,0,52466,19614
"2005-12-01",28,3,53505,19614
"2005-12-01",25.5,8,45916,19614
"2005-12-01",25,8,46645,19614
"2005-12-01",25,8,46645,19614
"2005-12-01",22,9,45647,19614
"2005-12-01",21,10,45665,19614
"2005-12-01",40,11,45262,19614
"2005-12-01",6,23,64825,19614
"2005-12-01",6,23,64854,19614
"2005-12-01",7,24,64236,19614
"2006-01-01",22.5,9,46645,17403
"2006-01-01",20.5,11,46047,17403
"2006-02-01",28.5,0,52300,15480
"2006-02-01",28.3,4,52239,15480
"2006-02-01",28,4,52544,15480
"2006-02-01",25.5,5,50271,15480
"2006-02-01",23,7,46500,15480
"2006-02-01",22.8,7,46500,15480
"2006-02-01",24,7,48913,15480
"2006-02-01",16,17,64282,15480
"2006-02-01",38,19,64503,15480
"2006-02-01",7.5,23,64583,15480
"2006-03-01",30.5,4,52500,16987
"2006-03-01",28.5,4,52512,16987
"2006-03-01",28,5,52400,16987
"2006-03-01",10.5,21,63785,16987
"2006-03-01",4,23,64780,16987
"2006-03-01",7.5,24,61349,16987
"2006-04-01",32.5,3,52994,18308
"2006-04-01",30.5,5,52055,18308
"2006-04-01",30.5,5,52064,18308
"2006-04-01",22.5,9,45423,18308
"2006-04-01",22.5,9,46663,18308
"2006-04-01",22,9,47240,18308
"2006-04-01",20.5,10,48256,18308
"2006-04-01",20.5,11,46601,18308
"2006-04-01",20,19,52670,18308
"2006-04-01",9.2,21,46040,18308
"2006-04-01",9.5,22,63940,18308
"2006-05-01",31.9,3,50337,19744
"2006-05-01",30,3,52425,19744
"2006-05-01",21,11,46641,19744
"2006-05-01",8,24,61537,19744
"2006-05-01",5,24,64730,19744
"2006-05-01",6,25,64183,19744
"2006-06-01",33,0,53500,21711
"2006-06-01",105,2,52483,21711
"2006-06-01",33.5,4,52455,21711
"2006-06-01",33.5,4,52455,21711
"2006-06-01",32,5,52394,21711
"2006-06-01",32,5,52455,21711
"2006-06-01",6.6,22,64824,21711
"2006-06-01",4.5,27,64911,21711
"2006-07-01",40.5,0,51770,22821
"2006-07-01",36,0,53800,22821
"2006-07-01",36,0,53800,22821
"2006-07-01",36,0,53800,22821
"2006-07-01",36,0,53800,22821
"2006-07-01",70.5,1,53500,22821
"2006-07-01",70.5,1,53500,22821
"2006-07-01",39.5,1,56000,22821
"2006-07-01",25,9,46645,22821
"2006-07-01",17.8,17,64000,22821
"2006-07-01",11.3,21,48280,22821
"2006-07-01",9.3,24,61615,22821
"2006-07-01",8,24,64931,22821
"2006-08-01",37.4,0,53500,25689
"2006-08-01",38.5,0,53580,25689
"2006-08-01",41.6,1,52483,25689
"2006-08-01",41.7,1,52483,25689
"2006-08-01",40,2,52050,25689
"2006-08-01",25,9,45584,25689
"2006-08-01",24.5,10,45513,25689
"2006-08-01",27.8,10,45693,25689
"2006-08-01",9,24,49073,25689
"2006-08-01",8.3,24,64916,25689
"2006-09-01",37,-2,58000,28662
"2006-09-01",42.5,0,53000,28662
"2006-09-01",29,11,45000,28662
"2006-09-01",11.3,23,47623,28662
"2006-09-01",5,28,52975,28662
"2006-10-01",33,8,45572,29019
"2006-10-01",30,11,46640,29019
"2006-10-01",17,19,64994,29019
"2006-10-01",11,24,63770,29019
"2006-10-01",11.5,24,64059,29019
"2006-10-01",10.2,25,64911,29019
"2006-11-01",39.3,4,51104,27889
"2006-11-01",23.5,13,52245,27889
"2006-11-01",12.8,21,45501,27889
"2006-11-01",11.7,23,63880,27889
"2006-11-01",10.3,25,64848,27889
"2006-12-01",44.8,2,52400,29068
"2006-12-01",45,2,52483,29068
"2006-12-01",38,4,48635,29068
"2006-12-01",40.5,4,53054,29068
"2006-12-01",31,11,45731,29068
"2006-12-01",31.5,11,47574,29068
"2006-12-01",14,22,64155,29068
"2006-12-01",11.3,24,64471,29068
"2007-01-01",46.5,2,52347,30895.95
"2007-01-01",39.5,4,49406,30895.95
"2007-01-01",39.5,6,52224,30895.95
"2007-01-01",14,24,47442,30895.95
"2007-01-01",16,24,63883,30895.95
"2007-01-01",10,27,64590,30895.95
"2007-02-01",46.5,4,53343,29348.8
"2007-02-01",46.5,4,53343,29348.8
"2007-02-01",41,5,50399,29348.8
"2007-02-01",34.5,10,47240,29348.8
"2007-02-01",35.5,10,47260,29348.8
"2007-02-01",25,17,48320,29348.8
"2007-02-01",15,22,46650,29348.8
"2007-02-01",5.5,30,53522,29348.8
"2007-03-01",47,2,53299,34403.55
"2007-03-01",37,5,48640,34403.55
"2007-03-01",43.5,5,53146,34403.55
"2007-03-01",37,9,47280,34403.55
"2007-03-01",31.5,13,45262,34403.55
"2007-03-01",26,18,64221,34403.55
"2007-03-01",22,21,64951,34403.55
"2007-03-01",9,23,47043,34403.55
"2007-03-01",18,23,54500,34403.55
"2007-03-01",16.8,23,64873,34403.55
"2007-03-01",13.4,24,61537,34403.55
"2007-03-01",10,25,64059,34403.55
"2007-04-01",50.5,2,55566,38590.21
"2007-04-01",53,3,52828,38590.21
"2007-04-01",36.5,10,45736,38590.21
"2007-04-01",36,11,47574,38590.21
"2007-04-01",32,13,45262,38590.21
"2007-04-01",22,16,47046,38590.21
"2007-04-01",19.5,23,63463,38590.21
"2007-05-01",64.6,-3,58500,43700.43
"2007-05-01",50,1,53565,43700.43
"2007-05-01",50,1,53630,43700.43
"2007-05-01",51.9,3,48821,43700.43
"2007-05-01",45,6,48911,43700.43
"2007-05-01",53.5,6,50212,43700.43
"2007-05-01",53.8,6,50212,43700.43
"2007-05-01",50,13,50383,43700.43
"2007-05-01",16.5,26,64120,43700.43
"2007-06-01",41,-2,57000,42164
"2007-06-01",56,0,52180,42164
"2007-06-01",26.3,22,63865,42164
"2007-06-01",15.3,24,64780,42164
"2007-06-01",17,25,49228,42164
"2007-06-01",14.5,25,64471,42164
"2007-06-01",16.5,25,64930,42164
"2007-06-01",14.5,26,61754,42164
"2007-06-01",15.8,26,63993,42164
"2007-06-01",17,26,64285,42164
"2007-06-01",13,27,61418,42164
"2007-07-01",57,0,53500,45578.36
"2007-07-01",57,0,53500,45578.36
"2007-07-01",63,2,53206,45578.36
"2007-07-01",63,2,55567,45578.36
"2007-07-01",62,3,56000,45578.36
"2007-07-01",40,9,51356,45578.36
"2007-08-01",50,0,53200,50044.59
"2007-08-01",65.5,5,51201,50044.59
"2007-09-01",68,6,52064,56816.2
"2007-09-01",45,13,45518,56816.2
"2007-09-01",29,22,64843,56816.2
"2007-09-01",25,23,47893,56816.2
"2007-09-01",15,25,64059,56816.2
"2007-10-01",55,13,45208,67228.05
"2007-10-01",47,13,45863,67228.05
"2007-10-01",45.5,14,52000,67228.05
"2007-10-01",28.5,23,64873,67228.05
"2007-10-01",16.1,25,64059,67228.05
"2007-10-01",25,26,64120,67228.05
"2007-11-01",85,-1,58000,68296.77
"2007-11-01",72,6,53531,68296.77
"2007-11-01",60,10,46645,68296.77
"2007-11-01",60.3,12,45320,68296.77
"2007-11-01",31,25,64976,68296.77
"2007-11-01",15,30,53521,68296.77
"2007-12-01",76,5,52455,62993.75
"2007-12-01",12,25,64747,62993.75
"2007-12-01",17,27,58388,62993.75
"2008-01-01",71,3,53489,51135.13
"2008-01-01",75,6,52455,51135.13
"2008-01-01",71,7,48193,51135.13
"2008-01-01",65,10,46570,51135.13
"2008-01-01",65,10,46570,51135.13
"2008-01-01",38,24,63800,51135.13
"2008-01-01",29,25,63883,51135.13
"2008-01-01",29.5,27,50191,51135.13
"2008-03-01",73,3,53489,54031.79
"2008-03-01",65.5,5,50246,54031.79
"2008-03-01",63.5,7,46492,54031.79
"2008-03-01",64.5,7,48193,54031.79
"2008-03-01",55,10,46570,54031.79
"2008-03-01",56,13,46601,54031.79
"2008-04-01",80,0,53450,51540.68
"2008-04-01",80,1,53450,51540.68
"2008-04-01",74.5,3,55557,51540.68
"2008-04-01",73,4,52491,51540.68
"2008-04-01",146.5,4,55707,51540.68
"2008-04-01",34.8,23,45046,51540.68
"2008-04-01",14.7,30,45244,51540.68
"2008-05-01",76.5,1,53410,64841.1
"2008-05-01",73,1,53500,64841.1
"2008-05-01",69.5,6,52421,64841.1
"2008-05-01",66.5,7,50170,64841.1
"2008-06-01",68,-1,57000,65061.62
"2008-06-01",73.5,-1,58470,65061.62
"2008-06-01",75,0,57000,65061.62
"2008-06-01",30,26,64931,65061.62
"2008-07-01",80,1,55728,56448.78
"2008-07-01",60,12,46676,56448.78
"2008-07-01",42,18,48320,56448.78
"2008-09-01",63,0,55303,33865.05
"2008-09-01",71.5,0,55303,33865.05
"2008-09-01",8.2,31,60847,33865.05
"2008-10-01",57,9,46640,14587.04
"2008-10-01",33,14,48218,14587.04
"2008-10-01",16,26,48355,14587.04
"2008-11-01",34,0,54300,6036.4
"2008-11-01",31,2,55500,6036.4
"2008-11-01",26.5,3,55697,6036.4
"2008-11-01",22,7,50326,6036.4
"2008-11-01",22.4,9,46671,6036.4
"2008-11-01",11,18,52580,6036.4
"2008-11-01",4.8,26,60470,6036.4
"2008-12-01",25,4,52500,5290.44
"2008-12-01",24,5,52364,5290.44
"2008-12-01",22,7,52394,5290.44
"2008-12-01",18.5,10,46667,5290.44
"2008-12-01",4.8,25,64583,5290.44
"2008-12-01",3.2,25,64879,5290.44
"2009-01-01",34,0,56300,4463.38
"2009-01-01",28,3,53483,4463.38
"2009-01-01",28,3,53489,4463.38
"2009-01-01",29.5,3,55803,4463.38
"2009-01-01",21.5,8,50169,4463.38
"2009-01-01",6.5,18,46826,4463.38
"2009-01-01",5.7,24,64975,4463.38
"2009-01-01",3.5,25,61810,4463.38
"2009-01-01",3.9,25,64873,4463.38
"2009-01-01",7,29,62212,4463.38
"2009-02-01",29,3,56019,11550.7
"2009-02-01",25,6,53553,11550.7
"2009-02-01",15.8,12,47240,11550.7
"2009-02-01",15.8,13,47639,11550.7
"2009-02-01",13.4,15,52374,11550.7
"2009-02-01",5,25,64933,11550.7
"2009-03-01",29.1,1,53000,16380.5
"2009-03-01",30,1,55496,16380.5
"2009-03-01",30,1,55496,16380.5
"2009-03-01",17,11,47229,16380.5
"2009-03-01",16.9,12,47000,16380.5
"2009-03-01",16.9,12,47000,16380.5
"2009-03-01",15.7,13,45919,16380.5
"2009-03-01",17.3,13,46570,16380.5
"2009-03-01",15,14,45031,16380.5
"2009-03-01",5.5,24,45877,16380.5
"2009-03-01",4,26,45107,16380.5
"2009-03-01",3.8,26,63942,16380.5
"2009-03-01",4.1,26,64166,16380.5
"2009-03-01",4,27,45548,16380.5
"2009-03-01",3.2,27,63886,16380.5
"2009-04-01",32,0,58000,13473.6
"2009-04-01",30,1,55496,13473.6
"2009-04-01",25.5,5,52454,13473.6
"2009-04-01",22.7,7,52334,13473.6
"2009-04-01",17.3,12,46601,13473.6
"2009-04-01",14.2,14,45642,13473.6
"2009-04-01",15.5,14,45700,13473.6
"2009-04-01",5.5,22,64802,13473.6
"2009-05-01",26.5,0,55303,17747.05
"2009-05-01",28.5,3,55709,17747.05
"2009-05-01",25,5,50354,17747.05
"2009-05-01",21,8,52224,17747.05
"2009-05-01",16.9,13,45647,17747.05
"2009-05-01",17,13,45654,17747.05
"2009-05-01",15.5,14,45429,17747.05
"2009-05-01",15.4,15,45212,17747.05
"2009-05-01",11,19,45875,17747.05
"2009-05-01",15.3,24,46874,17747.05
"2009-05-01",7,25,63695,17747.05
"2009-05-01",3.8,27,63308,17747.05
"2009-05-01",3.7,27,64584,17747.05
"2009-06-01",26.9,6,52454,18441.41
"2009-06-01",15.5,15,45212,18441.41
"2009-06-01",7.3,24,45877,18441.41
"2009-06-01",6.3,26,48891,18441.41
"2009-06-01",7,26,63170,18441.41
"2009-06-01",3.5,27,61505,18441.41
"2009-06-01",3.1,27,63179,18441.41
"2009-06-01",4,28,61636,18441.41
"2009-07-01",33.5,-1,58470,20239.04
"2009-07-01",30.2,3,52424,20239.04
"2009-07-01",30.2,3,52424,20239.04
"2009-07-01",30,4,56040,20239.04
"2009-07-01",26.5,7,50316,20239.04
"2009-07-01",25.8,8,50149,20239.04
"2009-07-01",21,10,47000,20239.04
"2009-07-01",17,13,45674,20239.04
"2009-07-01",17.1,15,45734,20239.04
"2009-07-01",6,24,46650,20239.04
"2009-07-01",6.9,26,49675,20239.04
"2009-07-01",6,26,61839,20239.04
"2009-07-01",7,26,63155,20239.04
"2009-07-01",4.8,27,49071,20239.04
"2009-08-01",26,0,55303,18750.1
"2009-08-01",31,3,55500,18750.1
"2009-08-01",29.5,6,52500,18750.1
"2009-08-01",16,14,47639,18750.1
"2009-08-01",19,14,48218,18750.1
"2009-08-01",19,14,50392,18750.1
"2009-08-01",17.1,15,45734,18750.1
"2009-09-01",36.2,0,58000,20241.14
"2009-09-01",34.5,0,58490,20241.14
"2009-09-01",32.1,4,56032,20241.14
"2009-09-01",28.7,5,50316,20241.14
"2009-09-01",22.7,7,48653,20241.14
"2009-09-01",22.9,8,48909,20241.14
"2009-09-01",7.3,25,51544,20241.14
"2009-09-01",5.3,28,61454,20241.14
"2009-09-01",5.2,28,64310,20241.14
"2009-10-01",67,-2,58000,19329.09
"2009-10-01",29,3,53483,19329.09
"2009-10-01",25,6,53074,19329.09
"2009-10-01",20.6,7,53806,19329.09
"2009-10-01",17.4,12,46801,19329.09
"2009-10-01",17.3,12,47115,19329.09
"2009-10-01",18.2,13,45888,19329.09
"2009-10-01",5.2,27,45564,19329.09
"2009-11-01",30,3,53487,22941.52
"2009-11-01",27,3,53565,22941.52
"2009-11-01",30,4,55838,22941.52
"2009-11-01",25.6,6,52579,22941.52
"2009-11-01",25.7,6,52579,22941.52
"2009-11-01",23.5,8,52508,22941.52
"2009-11-01",21.6,10,48225,22941.52
"2009-11-01",21.7,10,48225,22941.52
"2009-11-01",17.5,12,47115,22941.52
"2009-11-01",17.2,15,45830,22941.52
"2009-11-01",17.5,24,46600,22941.52
"2009-11-01",5,27,45546,22941.52
"2009-11-01",4.5,27,63770,22941.52
"2009-11-01",3.9,27,64714,22941.52
"2009-12-01",31.8,-1,59000,24677.61
"2009-12-01",24.7,7,49502,24677.61
"2009-12-01",9.7,19,53680,24677.61
"2009-12-01",5.4,25,63261,24677.61
"2009-12-01",5.3,27,64930,24677.61
"2009-12-01",5.3,27,64931,24677.61
"2009-12-01",5,27,64976,24677.61
"2010-01-01",28.5,0,55303,25289.4
"2010-01-01",25.5,6,52532,25289.4
"2010-01-01",25.2,9,52508,25289.4
"2010-01-01",22.8,11,46681,25289.4
"2010-01-01",20.5,12,47280,25289.4
"2010-01-01",7.8,26,63494,25289.4
"2010-01-01",5,28,64976,25289.4
"2010-01-01",5.6,29,63578,25289.4
"2010-02-01",33.6,1,58000,22313.1
"2010-02-01",31.7,4,52050,22313.1
"2010-02-01",24.3,9,47314,22313.1
"2010-02-01",25.8,9,52523,22313.1
"2010-02-01",25.8,9,52523,22313.1
"2010-02-01",9,25,45877,22313.1
"2010-02-01",7,26,63880,22313.1
"2010-02-01",9,26,64379,22313.1
"2010-02-01",6.8,28,63800,22313.1
"2010-02-01",6.5,29,61636,22313.1
"2010-02-01",6.5,29,61636,22313.1
"2010-02-01",4.7,30,64954,22313.1
"2010-03-01",35,1,53500,27675.7
"2010-03-01",35,1,53500,27675.7
"2010-03-01",35,1,53500,27675.7
"2010-03-01",35,1,53500,27675.7
"2010-03-01",23.5,11,48913,27675.7
"2010-03-01",21.7,13,45584,27675.7
"2010-03-01",20.5,14,46678,27675.7
"2010-03-01",13.5,17,52380,27675.7
"2010-03-01",10.7,20,48821,27675.7
"2010-03-01",7.4,24,45384,27675.7
"2010-03-01",11.5,25,64975,27675.7
"2010-04-01",32.1,0,57000,26977.05
"2010-04-01",32,0,57000,26977.05
"2010-04-01",11.4,20,48320,26977.05
"2010-04-01",8,22,52600,26977.05
"2010-04-01",9.3,27,49675,26977.05
"2010-05-01",34,0,57000,31369.79
"2010-05-01",32,3,53351,31369.79
"2010-05-01",24.5,11,45630,31369.79
"2010-05-01",21.5,15,46635,31369.79
"2010-05-01",22,15,46635,31369.79
"2010-06-01",38.8,-1,55490,24984.5
"2010-06-01",34.5,0,57015,24984.5
"2010-06-01",27.7,9,48907,24984.5
"2010-06-01",28.8,9,52549,24984.5
"2010-06-01",14.2,23,63700,24984.5
"2010-06-01",11,25,55426,24984.5
"2010-07-01",31,3,53629,18719.41
"2010-07-01",36,4,56057,18719.41
"2010-07-01",25.5,10,46709,18719.41
"2010-07-01",22.8,15,46640,18719.41
"2010-08-01",33,0,57000,19943.86
"2010-08-01",33.5,1,56919,19943.86
"2010-08-01",33.5,1,57000,19943.86
"2010-08-01",29.5,7,52191,19943.86
"2010-08-01",23,13,47195,19943.86
"2010-09-01",36,0,56996,20620.18
"2010-09-01",33,0,57000,20620.18
"2010-09-01",31.5,7,46710,20620.18
"2010-09-01",26.5,9,48907,20620.18
"2010-09-01",31.5,9,52407,20620.18
"2010-09-01",26.5,10,48369,20620.18
"2010-09-01",22,15,47574,20620.18
"2010-09-01",17,16,52370,20620.18
"2010-09-01",6.5,28,61806,20620.18
"2010-10-01",32,5,53490,19216.81
"2010-10-01",27.5,8,47305,19216.81
"2010-10-01",25.3,12,45621,19216.81
"2010-10-01",21.7,16,45208,19216.81
"2010-10-01",9.3,26,61748,19216.81
"2010-10-01",6.2,29,64911,19216.81
"2010-11-01",30,0,55000,15930.95
"2010-11-01",36.6,3,53529,15930.95
"2010-11-01",32.6,6,53552,15930.95
"2010-11-01",21.5,13,48122,15930.95
"2010-11-01",21.6,15,45665,15930.95
"2010-11-01",20.2,16,45741,15930.95
"2010-11-01",6.1,27,47208,15930.95
"2010-11-01",6.2,29,64848,15930.95
"2010-12-01",28,6,50341,16764.39
"2010-12-01",25,9,48437,16764.39
"2011-01-01",6,29,64135,14230.55
"2011-01-01",6,28,63251,14230.55
"2011-01-01",5,29,63179,14230.55
"2011-01-01",32,0,58000,14230.55
"2011-01-01",26,-1,57000,14230.55
"2011-01-01",26,-1,57000,14230.55
"2011-01-01",25,11,57000,14230.55
"2011-01-01",7,29,45564,14230.55
"2011-01-01",8,27,45090,14230.55
"2011-02-01",5,30,59472,12591
"2011-02-01",32,5,56056,12591
"2011-02-01",28,6,52458,12591
"2011-02-01",23,7,50341,12591
"2011-02-01",11,20,46826,12591
"2011-03-01",6,29,64343,16047.04
"2011-03-01",6,28,61318,16047.04
"2011-03-01",30,4,58790,16047.04
"2011-03-01",30,-1,58000,16047.04
"2011-03-01",30,-1,58000,16047.04
"2011-03-01",29,0,57700,16047.04
"2011-03-01",26,1,56700,16047.04
"2011-03-01",26,1,56700,16047.04
"2011-03-01",26,1,56700,16047.04
"2011-03-01",26,1,56700,16047.04
"2011-03-01",26,7,52951,16047.04
"2011-03-01",23,11,52068,16047.04
"2011-03-01",18,15,47639,16047.04
"2011-03-01",6,28,46745,16047.04
"2011-03-01",19,12,46677,16047.04
"2011-03-01",15,16,45665,16047.04
"2011-04-01",36.3,-1,61000,15012.56
"2011-04-01",30,0,57295,15012.56
"2011-04-01",30,0,57295,15012.56
"2011-04-01",28,0,54000,15012.56
"2011-04-01",45,6,53565,15012.56
"2011-04-01",16,15,45300,15012.56
"2011-04-01",16,14,45269,15012.56
"2011-06-01",21.5,13,46708,14122.5
"2011-06-01",20.3,13,46769,14122.5
"2011-06-01",23,13,52827,14122.5
"2011-06-01",14.9,12,48640,14122.5
"2011-06-01",21.8,12,52378,14122.5
"2011-06-01",6.1,30,40688,14122.5
"2011-06-01",6.5,30,41098,14122.5
"2011-06-01",5.8,30,45260,14122.5
"2011-06-01",8,29,42647,14122.5
"2011-07-01",22,13,52413,13326.81
"2011-07-01",26.6,8,56000,13326.81
"2011-07-01",5,32,45508,13326.81
"2011-07-01",6.3,30,42838,13326.81
"2011-07-01",5.5,29,45384,13326.81
"2011-07-01",5.5,28,45334,13326.81
"2011-07-01",10.8,21,52580,13326.81
"2011-07-01",13.3,20,43980,13326.81
"2011-07-01",15.7,19,45304,13326.81
"2011-08-01",8,29,42842,13613.32
"2011-08-01",1.5,24,57700,13613.32
"2011-09-01",22.2,12,53023,15022.77
"2011-09-01",24.6,4,57000,15022.77
"2011-09-01",24.6,4,57000,15022.77
"2011-09-01",24.6,4,57000,15022.77
"2011-09-01",5.5,30,41373,15022.77
"2011-09-01",11,23,53679,15022.77
"2011-10-01",22,11,50246,16350.33
"2011-10-01",22.5,9,46619,16350.33
"2011-10-01",25,9,55715,16350.33
"2011-10-01",25,8,55614,16350.33
"2011-10-01",28,8,55709,16350.33
"2011-10-01",27.5,3,57000,16350.33
"2011-10-01",27,2,57000,16350.33
"2011-10-01",5,31,41453,16350.33
"2011-10-01",13.8,19,43222,16350.33
"2011-10-01",15.8,17,48227,16350.33
"2011-10-01",16.6,16,50655,16350.33
"2011-10-01",16.8,15,48203,16350.33
"2011-10-01",18.4,15,50655,16350.33
"2011-11-01",33,3,60620,14458.45
"2011-11-01",9.8,23,44000,14458.45
"2011-12-01",24,9,53450,12913.71
"2011-12-01",25,8,55745,12913.71
"2011-12-01",26.5,6,56678,12913.71
"2011-12-01",26.5,6,58786,12913.71
"2011-12-01",4.5,23,41639,12913.71
"2011-12-01",11.8,18,43905,12913.71
"2011-12-01",11.1,17,42717,12913.71
"2011-12-01",14.4,15,48203,12913.71
"2012-01-01",28.2,2,54000,9570.95
"2012-01-01",4.8,31,47625,9570.95
"2012-01-01",4,29,42489,9570.95
"2012-01-01",7.5,23,47002,9570.95
"2012-01-01",14.8,15,46640,9570.95
"2012-02-01",21,9,52980,6728.71
"2012-02-01",3.8,30,41093,6728.71
"2012-02-01",4.2,30,41093,6728.71
"2012-02-01",4.9,29,41500,6728.71
"2012-02-01",4,29,42512,6728.71
"2012-02-01",8.5,23,42004,6728.71
"2012-03-01",14.8,13,52510,9689.64
"2012-03-01",21.5,6,50757,9689.64
"2012-03-01",7.8,24,42007,9689.64
"2012-03-01",10.1,20,45232,9689.64
"2012-03-01",7.3,18,49865,9689.64
"2012-03-01",11.8,16,42717,9689.64
"2012-03-01",8.4,16,51152,9689.64
"2012-04-01",15,13,52489,10475.37
"2012-04-01",17.7,11,52982,10475.37
"2012-04-01",20.5,8,52481,10475.37
"2012-04-01",20,8,55614,10475.37
"2012-04-01",26.8,2,58000,10475.37
"2012-04-01",28.8,2,61000,10475.37
"2012-04-01",3.8,30,47882,10475.37
"2012-04-01",4.7,29,48280,10475.37
"2012-04-01",11,16,45766,10475.37
"2012-04-01",13.4,15,48203,10475.37
"2012-05-01",11.8,12,51201,11546.68
"2012-05-01",20.1,9,52500,11546.68
"2012-05-01",23.5,7,56010,11546.68
"2012-05-01",24.3,2,57000,11546.68
"2012-05-01",24.3,2,57300,11546.68
"2012-05-01",9,20,42529,11546.68
"2012-05-01",9.8,20,42975,11546.68
"2012-05-01",9.5,20,43188,11546.68
"2012-05-01",9.2,19,42529,11546.68
"2012-05-01",7.2,19,52370,11546.68
"2012-05-01",11.9,18,45622,11546.68
"2012-05-01",12.6,16,46658,11546.68
"2012-05-01",20.5,15,48913,11546.68
"2012-06-01",15.4,13,50326,11542.53
"2012-06-01",18.8,8,52214,11542.53
"2012-07-01",3.1,28,40763,12725.68
"2012-07-01",4,28,45263,12725.68
"2012-07-01",10.5,18,46664,12725.68
"2012-07-01",10.3,17,48139,12725.68
"2012-07-01",16,12,50244,12725.68
"2012-07-01",16.5,12,52466,12725.68
"2012-07-01",18,7,52454,12725.68
"2012-07-01",21,5,57334,12725.68
"2012-08-01",10.5,18,45653,9328.68
"2012-08-01",8.7,17,42717,9328.68
"2012-08-01",8.2,17,45600,9328.68
"2012-08-01",9,16,45766,9328.68
"2012-08-01",19.5,7,58758,9328.68
"2012-08-01",22,4,58609,9328.68
"2012-08-01",22,4,58923,9328.68
"2012-08-01",22.5,2,58000,9328.68
"2012-08-01",22.5,2,58000,9328.68
"2012-08-01",22,2,58000,9328.68
"2012-09-01",3.1,29,41090,8760.44
"2012-09-01",3.2,29,42129,8760.44
"2012-09-01",21,24,42263,8760.44
"2012-09-01",6.7,22,42001,8760.44
"2012-09-01",8.6,17,45572,8760.44
"2012-09-01",9,16,51356,8760.44
"2012-10-01",7.2,19,47639,7845
"2012-10-01",7.8,18,45554,7845
"2012-10-01",7.8,18,45554,7845
"2012-10-01",10,15,48913,7845
"2012-10-01",12.7,13,51024,7845
"2012-10-01",14,12,52466,7845
"2012-10-01",74,3,57000,7845
"2012-11-01",3.4,29,42243,7282
"2012-11-01",5.9,23,52630,7282
"2012-11-01",7.7,19,45406,7282
"2012-11-01",9.8,17,45916,7282
"2012-11-01",13.3,12,46232,7282
"2012-11-01",14,12,50296,7282
"2012-11-01",14,11,50246,7282
"2012-11-01",21,4,58608,7282
"2012-12-01",15,3,53000,7760
"2012-12-01",6.6,20,45734,7760
"2012-12-01",3,28,40836,7760
"2012-12-01",20.9,2,58000,7760
"2013-01-01",3.2,29,41796,7650
"2013-01-01",3.5,29,48280,7650
"2013-01-01",6.7,19,46641,7650
"2013-01-01",8.3,17,42648,7650
"2013-01-01",14.1,12,50992,7650
"2013-01-01",13.8,12,52464,7650
"2013-01-01",15.5,9,56035,7650
"2013-01-01",16.5,8,55863,7650
"2013-01-01",16.5,8,55863,7650
"2013-01-01",18.5,7,55886,7650
"2013-01-01",13.3,4,53840,7650
"2013-01-01",14.3,3,53840,7650
"2013-01-01",17,3,56854,7650
"2013-01-01",17,3,56854,7650
"2013-02-01",3.5,29,42100,7650
"2013-02-01",3.8,28,41540,7650
"2013-02-01",7,19,43176,7650
"2013-02-01",8.5,17,45363,7650
"2013-02-01",7.8,16,45800,7650
"2013-02-01",20,16,46000,7650
"2013-02-01",15.7,9,53459,7650
"2013-02-01",18.7,4,58608,7650
"2013-03-01",3,28,40864,9398
"2013-03-01",3.5,24,42004,9398
"2013-03-01",6.8,19,43230,9398
"2013-03-01",11.9,13,48893,9398
"2013-03-01",13,13,50300,9398
"2013-03-01",16.2,9,55697,9398
"2013-03-01",16.8,8,53525,9398
"2013-03-01",16.5,8,55781,9398
"2013-03-01",17,8,56024,9398
"2013-03-01",16,1,53000,9398
"2013-04-01",8.3,27,47240,9450
"2013-04-01",6.5,20,45216,9450
"2013-04-01",8.2,17,48225,9450
"2013-04-01",9.8,15,48913,9450
"2013-04-01",11.3,13,48500,9450
"2013-04-01",15.3,11,53609,9450
"2013-04-01",20.5,6,56678,9450
"2013-04-01",25,2,63500,9450
"2013-04-01",26,1,55700,9450
"2013-04-01",26.5,1,55700,9450
"2013-04-01",25.1,1,63500,9450
"2013-05-01",7.8,18,43873,9036
"2013-05-01",8.3,17,43929,9036
"2013-05-01",7,17,45342,9036
"2013-05-01",14,12,50200,9036
"2013-05-01",14,12,50209,9036
"2013-05-01",20.1,7,55469,9036
"2013-06-01",12.3,13,48913,9580
"2013-06-01",17,9,54881,9580
"2013-06-01",18.7,9,56032,9580
"2013-06-01",24,1,64000,9580
"2013-07-01",3.5,28,42609,9480
"2013-07-01",3.5,28,42609,9480
"2013-07-01",4.3,24,42025,9480
"2013-07-01",6.8,19,44821,9480
"2013-07-01",13,13,52404,9480
"2013-07-01",15.5,10,52248,9480
"2013-07-01",17.8,9,52409,9480
"2013-07-01",19.4,8,56056,9480
"2013-08-01",3.5,28,42609,9622
"2013-08-01",3.5,28,42609,9622
"2013-08-01",4,25,43665,9622
"2013-08-01",4,25,43665,9622
"2013-08-01",6.2,20,43596,9622
"2013-08-01",15.1,11,50326,9622
"2013-08-01",16.5,10,52388,9622
"2013-08-01",19,8,56000,9622
"2013-08-01",18,7,53556,9622
"2013-08-01",26.5,1,63301,9622
"2013-09-01",3.8,27,42183,10277.5
"2013-09-01",8.5,17,46645,10277.5
"2013-09-01",16,11,52384,10277.5
"2013-09-01",15.8,10,46673,10277.5
"2013-09-01",20.5,7,55000,10277.5
"2013-09-01",29.5,2,61453,10277.5
"2013-09-01",23.5,1,57000,10277.5
"2013-10-01",5,20,40926,12457.5
"2013-10-01",6.2,20,44875,12457.5
"2013-10-01",15.5,17,44314,12457.5
"2013-10-01",8.6,17,48224,12457.5
"2013-10-01",18,9,53466,12457.5
"2013-10-01",12.5,9,53604,12457.5
"2013-10-01",25,7,53503,12457.5
"2013-10-01",41,2,57000,12457.5
"2013-10-01",26.5,1,63500,12457.5
"2013-10-01",26.5,0,63400,12457.5
"2013-10-01",28,0,63400,12457.5
"2013-10-01",27,0,63500,12457.5
"2013-11-01",3,29,43648,14242
"2013-11-01",5,23,43469,14242
"2013-11-01",6,18,41515,14242
"2013-11-01",9.5,17,46609,14242
"2013-11-01",11.9,15,46667,14242
"2013-11-01",14.3,13,52478,14242
"2013-11-01",19.5,9,56094,14242
"2013-11-01",20,9,56094,14242
"2013-11-01",28.5,3,56147,14242
"2013-11-01",60.5,2,61462,14242
"2013-11-01",21.4,1,57000,14242
"2013-11-01",27.5,1,64000,14242
"2013-12-01",4,29,40048,15990
"2013-12-01",11,16,42717,15990
"2013-12-01",13,16,46786,15990
"2013-12-01",15.4,13,50326,15990
"2013-12-01",21.7,8,55705,15990
"2013-12-01",18.5,3,55000,15990
"2013-12-01",29.5,3,57991,15990
"2013-12-01",29.5,3,57991,15990
"2013-12-01",28,1,64000,15990
"2014-01-01",7.3,20,43246,12006
"2014-01-01",8.5,19,45712,12006
"2014-01-01",6.8,18,41455,12006
"2014-01-01",18,18,43229,12006
"2014-01-01",10.5,17,42717,12006
"2014-01-01",12.8,15,48913,12006
"2014-01-01",16,12,45635,12006
"2014-01-01",21,8,53487,12006
"2014-01-01",22.5,8,56013,12006
"2014-01-01",22.8,8,56023,12006
"2014-01-01",21,4,57000,12006
"2014-01-01",30.5,0,64000,12006
"2014-02-01",4.7,23,42284,10792.5
"2014-02-01",12.7,16,46750,10792.5
"2014-02-01",14.7,13,50913,10792.5
"2014-02-01",22,5,50770,10792.5
"2014-02-01",22,4,50779,10792.5
"2014-02-01",22,4,50792,10792.5
"2014-02-01",22.4,4,57005,10792.5
"2014-02-01",25,2,54430,10792.5
"2014-02-01",31,-1,55000,10792.5
"2014-02-01",31,-1,55000,10792.5
"2014-03-01",11.8,15,46685,12125
"2014-03-01",11.8,15,46685,12125
"2014-03-01",14,15,48913,12125
"2014-03-01",17.7,12,50399,12125
"2014-03-01",12.3,12,51215,12125
"2014-03-01",21.6,10,56024,12125
